/*
Navicat MySQL Data Transfer

Source Server         : dnm
Source Server Version : 50617
Source Host           : localhost:3306
Source Database       : dnm

Target Server Type    : MYSQL
Target Server Version : 50617
File Encoding         : 65001

Date: 2014-06-12 14:41:01
*/

SET FOREIGN_KEY_CHECKS=0;

-- ----------------------------
-- Table structure for `dnm_account`
-- ----------------------------
DROP TABLE IF EXISTS `dnm_account`;
CREATE TABLE `dnm_account` (
  `user_id` varchar(16) NOT NULL COMMENT '用户ID',
  `account_id` varchar(20) NOT NULL COMMENT '账户号',
  `account_name` varchar(128) NOT NULL COMMENT '账户名',
  `account_type` varchar(2) NOT NULL COMMENT '账户类型',
  `sub_account_type` varchar(6) NOT NULL COMMENT '子账户类型',
  `balance` decimal(20,2) NOT NULL COMMENT '余额',
  `currency` char(3) NOT NULL COMMENT '币种',
  `direction` char(1) NOT NULL COMMENT '借贷方向，借：D，贷：C',
  `gmt_create` datetime NOT NULL DEFAULT '0000-00-00 00:00:00',
  `gmt_modified` timestamp NOT NULL DEFAULT CURRENT_TIMESTAMP ON UPDATE CURRENT_TIMESTAMP,
  PRIMARY KEY (`account_id`),
  KEY `acct_user_id_seq` (`user_id`) USING BTREE
) ENGINE=InnoDB DEFAULT CHARSET=utf8;

-- ----------------------------
-- Records of dnm_account
-- ----------------------------
INSERT INTO `dnm_account` VALUES ('1234567890ABCDEF', '1234567890ABCDEF0156', '招商银行深圳支行test', '10', '100101', '2000000.00', 'CNY', 'D', '2014-06-11 17:19:10', '2014-06-11 17:19:10');
INSERT INTO `dnm_account` VALUES ('1234567890ABCDEF', '20140612000000990156', '可用余额', '20', '200101', '2000000.00', 'CNY', 'D', '2014-06-12 14:40:26', '2014-06-12 14:40:26');
INSERT INTO `dnm_account` VALUES ('1234567890ABCDEF', '20140612000001000156', '待收余额', '20', '200102', '10540.00', 'CNY', 'D', '2014-06-12 00:48:31', '2014-06-12 00:48:31');
INSERT INTO `dnm_account` VALUES ('1234567890ABCDEF', '20140612000001010156', '待收利息', '20', '200201', '540.00', 'CNY', 'C', '2014-06-12 00:48:31', '2014-06-12 00:48:31');
INSERT INTO `dnm_account` VALUES ('1234567890ABCDEF', '20140612000001020156', '已收利息', '20', '200302', '0.00', 'CNY', 'C', '2014-06-12 00:48:31', '2014-06-12 00:48:31');
INSERT INTO `dnm_account` VALUES ('1234567890ABCDEF', '20140612000001030156', '待收奖励 ', '20', '200202', '0.00', 'CNY', 'C', '2014-06-12 00:48:31', '2014-06-12 00:48:31');
INSERT INTO `dnm_account` VALUES ('1234567890ABCDEF', '20140612000001040156', '已收奖励 ', '20', '200301', '0.00', 'CNY', 'C', '2014-06-12 00:48:31', '2014-06-12 00:48:31');
INSERT INTO `dnm_account` VALUES ('1234567890ABCDEF', '20140612000001050156', '平台费用', '20', '200401', '0.00', 'CNY', 'D', '2014-06-12 00:48:31', '2014-06-12 00:48:31');

-- ----------------------------
-- Table structure for `dnm_account_log`
-- ----------------------------
DROP TABLE IF EXISTS `dnm_account_log`;
CREATE TABLE `dnm_account_log` (
  `id` varchar(31) NOT NULL,
  `trans_log_id` varchar(31) NOT NULL COMMENT '账户日志ID',
  `direction` char(1) NOT NULL COMMENT '方向，D：入账，C：出账',
  `account` varchar(20) NOT NULL COMMENT '账号',
  `trans_amt` decimal(20,2) NOT NULL COMMENT '交易金额',
  `balance` decimal(20,2) NOT NULL,
  `memo` varchar(256) DEFAULT NULL COMMENT '备注',
  `gmt_create` datetime NOT NULL DEFAULT '0000-00-00 00:00:00',
  `gmt_modified` timestamp NOT NULL DEFAULT CURRENT_TIMESTAMP ON UPDATE CURRENT_TIMESTAMP,
  PRIMARY KEY (`id`),
  KEY `datl_user_id_seq` (`trans_log_id`)
) ENGINE=InnoDB DEFAULT CHARSET=utf8;

-- ----------------------------
-- Records of dnm_account_log
-- ----------------------------
INSERT INTO `dnm_account_log` VALUES ('2014061200000033', '2014061200000008', 'D', '20140612000001000156', '10000.00', '10000.00', null, '2014-06-12 14:40:24', '2014-06-12 14:40:24');
INSERT INTO `dnm_account_log` VALUES ('2014061200000034', '2014061200000008', 'C', '20140612000000990156', '-10000.00', '1990000.00', null, '2014-06-12 14:40:24', '2014-06-12 14:40:24');
INSERT INTO `dnm_account_log` VALUES ('2014061200000035', '2014061200000009', 'D', '20140612000001000156', '540.00', '10540.00', null, '2014-06-12 14:40:24', '2014-06-12 14:40:24');
INSERT INTO `dnm_account_log` VALUES ('2014061200000036', '2014061200000009', 'C', '20140612000001010156', '540.00', '540.00', null, '2014-06-12 14:40:24', '2014-06-12 14:40:24');

-- ----------------------------
-- Table structure for `dnm_account_trans_log`
-- ----------------------------
DROP TABLE IF EXISTS `dnm_account_trans_log`;
CREATE TABLE `dnm_account_trans_log` (
  `id` varchar(31) NOT NULL,
  `user_id` varchar(16) NOT NULL,
  `guid` varchar(31) NOT NULL,
  `biz_id` varchar(31) DEFAULT NULL COMMENT '业务ID',
  `trans_code` varchar(2) NOT NULL COMMENT '交易类型',
  `trans_sub_code` varchar(6) NOT NULL COMMENT '子交易类型',
  `trans_amt` decimal(20,2) NOT NULL COMMENT '交易金额',
  `trans_currency` varchar(3) NOT NULL COMMENT '交易币种',
  `trans_time` datetime NOT NULL COMMENT '业务发生时间',
  `debit_account` varchar(20) NOT NULL COMMENT '入款方',
  `credit_account` varchar(20) NOT NULL COMMENT '出款方',
  `memo` varchar(256) DEFAULT NULL,
  `gmt_create` datetime NOT NULL DEFAULT '0000-00-00 00:00:00',
  `gmt_modified` timestamp NOT NULL DEFAULT CURRENT_TIMESTAMP ON UPDATE CURRENT_TIMESTAMP,
  PRIMARY KEY (`id`),
  KEY `datl_user_id_seq` (`user_id`),
  KEY `datl_biz_id_seq` (`biz_id`) USING BTREE
) ENGINE=InnoDB DEFAULT CHARSET=utf8;

-- ----------------------------
-- Records of dnm_account_trans_log
-- ----------------------------
INSERT INTO `dnm_account_trans_log` VALUES ('2014061200000008', '1234567890ABCDEF', '2014061200000001', '2014061200000001', '31', '310001', '10000.00', 'CNY', '2014-06-12 14:40:23', '20140612000001000156', '20140612000000990156', null, '2014-06-12 14:40:24', '2014-06-12 14:40:24');
INSERT INTO `dnm_account_trans_log` VALUES ('2014061200000009', '1234567890ABCDEF', '2014061200000001', '2014061200000001', '21', '210001', '540.00', 'CNY', '2014-06-12 14:40:23', '20140612000001000156', '20140612000001010156', null, '2014-06-12 14:40:24', '2014-06-12 14:40:24');

-- ----------------------------
-- Table structure for `dnm_bank`
-- ----------------------------
DROP TABLE IF EXISTS `dnm_bank`;
CREATE TABLE `dnm_bank` (
  `id` varchar(16) NOT NULL COMMENT 'id',
  `user_id` varchar(16) NOT NULL,
  `bank_id` varchar(16) NOT NULL COMMENT '银行简称ID,如CMB,ICBC',
  `bank_name` varchar(128) NOT NULL COMMENT '银行中文名称',
  `direction` char(1) NOT NULL,
  `account_id` varchar(20) NOT NULL COMMENT '对应dnm_account的账户',
  `bill_date` varchar(2) DEFAULT NULL COMMENT '账单日',
  `repay_date` varchar(2) DEFAULT NULL COMMENT '还款日',
  `gmt_create` datetime NOT NULL DEFAULT '0000-00-00 00:00:00',
  `gmt_modified` timestamp NOT NULL DEFAULT CURRENT_TIMESTAMP ON UPDATE CURRENT_TIMESTAMP,
  PRIMARY KEY (`id`),
  KEY `bank_user_id_seq` (`user_id`)
) ENGINE=InnoDB DEFAULT CHARSET=utf8;

-- ----------------------------
-- Records of dnm_bank
-- ----------------------------
INSERT INTO `dnm_bank` VALUES ('1234567890ABCDEF', '1234567890ABCDEF', 'CMC', '招商银行深圳支行test', 'D', '1234567890ABCDEF0156', null, null, '2014-06-11 00:00:17', '2014-06-11 00:00:17');

-- ----------------------------
-- Table structure for `dnm_invest_duein_rcd`
-- ----------------------------
DROP TABLE IF EXISTS `dnm_invest_duein_rcd`;
CREATE TABLE `dnm_invest_duein_rcd` (
  `id` varchar(31) NOT NULL COMMENT 'id,日期(8)+数据版本(1)+系统版本(1)+系统标识码(3)+业务标识码(3)+业务扩展位(3)+ 用户分表位(2)+随机用户分表位(2)+seq(8)',
  `invest_record_id` varchar(31) NOT NULL COMMENT '投标记录ID',
  `period_index` tinyint(4) NOT NULL COMMENT '期数',
  `repay_amt` decimal(20,2) NOT NULL COMMENT '还款金额',
  `repay_interest_amt` decimal(20,2) NOT NULL,
  `repay_date` varchar(8) NOT NULL COMMENT '还款日期',
  `actual_repay_date` varchar(8) DEFAULT NULL COMMENT '实际还款日期',
  `is_delay` char(1) NOT NULL DEFAULT 'N' COMMENT '是否逾期（Y,N）',
  `is_finish` char(1) NOT NULL DEFAULT 'N' COMMENT '是否回款（Y,N）',
  `gmt_create` datetime NOT NULL DEFAULT '0000-00-00 00:00:00',
  `gmt_modified` timestamp NOT NULL DEFAULT CURRENT_TIMESTAMP ON UPDATE CURRENT_TIMESTAMP,
  PRIMARY KEY (`id`),
  KEY `id
rcd_id
period_index
repay_amt
repay_date
didr_rcd_id` (`invest_record_id`)
) ENGINE=InnoDB DEFAULT CHARSET=utf8;

-- ----------------------------
-- Records of dnm_invest_duein_rcd
-- ----------------------------

-- ----------------------------
-- Table structure for `dnm_invest_from_account`
-- ----------------------------
DROP TABLE IF EXISTS `dnm_invest_from_account`;
CREATE TABLE `dnm_invest_from_account` (
  `invest_record_id` varchar(31) NOT NULL COMMENT '投标ID',
  `account_id` varchar(2) NOT NULL COMMENT '账户ID',
  `amount` decimal(20,2) NOT NULL COMMENT '金额',
  `currency` char(3) NOT NULL COMMENT '币种',
  `gmt_create` datetime NOT NULL DEFAULT '0000-00-00 00:00:00',
  `gmt_modified` timestamp NOT NULL DEFAULT CURRENT_TIMESTAMP ON UPDATE CURRENT_TIMESTAMP,
  UNIQUE KEY `unique_key_seq` (`invest_record_id`,`account_id`)
) ENGINE=InnoDB DEFAULT CHARSET=utf8;

-- ----------------------------
-- Records of dnm_invest_from_account
-- ----------------------------

-- ----------------------------
-- Table structure for `dnm_invest_price_cost`
-- ----------------------------
DROP TABLE IF EXISTS `dnm_invest_price_cost`;
CREATE TABLE `dnm_invest_price_cost` (
  `id` varchar(31) NOT NULL,
  `guid` varchar(31) NOT NULL COMMENT '同一个标的全局ID',
  `biz_id` varchar(31) DEFAULT NULL COMMENT '业务ID',
  `trans_type` varchar(2) NOT NULL COMMENT '交易类型',
  `trans_sub_type` varchar(6) NOT NULL COMMENT '子交易类型',
  `orig_trans_amt` decimal(20,2) DEFAULT NULL COMMENT '投标金额',
  `trans_rate` decimal(8,4) DEFAULT NULL COMMENT '交易额比例',
  `trans_amt` decimal(20,2) DEFAULT NULL COMMENT '交易金额',
  `trans_currency` varchar(3) NOT NULL COMMENT '交易币种',
  `memo` varchar(1024) DEFAULT NULL COMMENT '备注',
  `is_finish` char(255) NOT NULL COMMENT '是否完成',
  `gmt_create` datetime NOT NULL DEFAULT '0000-00-00 00:00:00',
  `gmt_modified` timestamp NOT NULL DEFAULT CURRENT_TIMESTAMP ON UPDATE CURRENT_TIMESTAMP,
  PRIMARY KEY (`id`,`trans_currency`)
) ENGINE=InnoDB DEFAULT CHARSET=utf8;

-- ----------------------------
-- Records of dnm_invest_price_cost
-- ----------------------------

-- ----------------------------
-- Table structure for `dnm_invest_rcd`
-- ----------------------------
DROP TABLE IF EXISTS `dnm_invest_rcd`;
CREATE TABLE `dnm_invest_rcd` (
  `id` varchar(31) NOT NULL COMMENT 'id,日期(8)+数据版本(1)+系统版本(1)+系统标识码(3)+业务标识码(3)+业务扩展位(3)+ 用户分表位(2)+随机用户分表位(2)+seq(8)',
  `platform_user_id` varchar(16) NOT NULL COMMENT '平台账户ID',
  `period` tinyint(4) NOT NULL COMMENT '期限',
  `period_type` char(1) NOT NULL COMMENT '期限类型（年Y，月M，天D，秒S）',
  `repay_method` char(1) NOT NULL COMMENT '还款方式（A:一次性还款，B:等额本息，C:等额本金，D:按月付息到期还本）',
  `invest_amt` decimal(20,0) NOT NULL COMMENT '投标金额',
  `invest_date` varchar(8) NOT NULL COMMENT '投标日期',
  `interest_rate_type` char(1) NOT NULL COMMENT '利率类型（天，年）',
  `interest_rate` decimal(8,4) NOT NULL COMMENT '利率',
  `interest_amt` decimal(20,0) NOT NULL COMMENT '投标利息',
  `cost_amt` decimal(20,0) DEFAULT NULL COMMENT '费用金额',
  `price_amt` decimal(20,0) unsigned zerofill DEFAULT NULL COMMENT '奖励金额',
  `fee_rate` decimal(8,4) DEFAULT NULL COMMENT '预估手续费率,由于每个明细标在确认时的费率会变动，比如用户级别达到某一高度时，费率有所优惠，所以这里只是参考',
  `is_finish` char(1) NOT NULL COMMENT '是否回款完毕（Y,N)',
  `memo` varchar(1024) DEFAULT NULL COMMENT '备注',
  `gmt_create` datetime NOT NULL DEFAULT '0000-00-00 00:00:00',
  `gmt_modified` timestamp NOT NULL DEFAULT CURRENT_TIMESTAMP ON UPDATE CURRENT_TIMESTAMP,
  PRIMARY KEY (`id`),
  KEY `platform_user_seq` (`platform_user_id`)
) ENGINE=InnoDB DEFAULT CHARSET=utf8;

-- ----------------------------
-- Records of dnm_invest_rcd
-- ----------------------------

-- ----------------------------
-- Table structure for `dnm_platform`
-- ----------------------------
DROP TABLE IF EXISTS `dnm_platform`;
CREATE TABLE `dnm_platform` (
  `id` varchar(16) NOT NULL COMMENT 'id，8位日期+8位seq',
  `name` varchar(64) NOT NULL COMMENT '平台名称',
  `description` varchar(255) DEFAULT NULL COMMENT '平台描述',
  `url` varchar(1024) DEFAULT NULL COMMENT '平台网址',
  `gmt_create` datetime NOT NULL DEFAULT '0000-00-00 00:00:00',
  `gmt_modified` timestamp NOT NULL DEFAULT CURRENT_TIMESTAMP ON UPDATE CURRENT_TIMESTAMP,
  PRIMARY KEY (`id`),
  UNIQUE KEY `dp_name_seq` (`name`) USING BTREE
) ENGINE=InnoDB DEFAULT CHARSET=utf8 COMMENT='网贷平台';

-- ----------------------------
-- Records of dnm_platform
-- ----------------------------
INSERT INTO `dnm_platform` VALUES ('1234567890ABCDEF', '金豪利投资有限公司', '携手金豪利', 'http://www.jinhaoli.net', '2014-06-12 00:48:32', '2014-06-12 00:48:32');

-- ----------------------------
-- Table structure for `dnm_platform_user`
-- ----------------------------
DROP TABLE IF EXISTS `dnm_platform_user`;
CREATE TABLE `dnm_platform_user` (
  `id` varchar(16) NOT NULL COMMENT 'id，8位日期+8位seq',
  `user_id` varchar(16) NOT NULL COMMENT '用户ID，对应dnm_user表的ID',
  `platform_id` varchar(16) NOT NULL COMMENT '平台id',
  `platform_user_id` varchar(64) NOT NULL,
  `total_invest_amt` decimal(20,2) DEFAULT NULL COMMENT '投标总额',
  `gmt_create` datetime NOT NULL DEFAULT '0000-00-00 00:00:00',
  `gmt_modified` timestamp NOT NULL DEFAULT CURRENT_TIMESTAMP ON UPDATE CURRENT_TIMESTAMP,
  PRIMARY KEY (`id`),
  KEY `dpu_plat_id_seq` (`platform_id`)
) ENGINE=InnoDB DEFAULT CHARSET=utf8 COMMENT='平台用户，一个平台允许注册多个用户';

-- ----------------------------
-- Records of dnm_platform_user
-- ----------------------------
INSERT INTO `dnm_platform_user` VALUES ('2014061200000007', '1234567890ABCDEF', '1234567890ABCDEF', '牛牛', '0.00', '2014-06-12 00:48:31', '2014-06-12 00:48:31');

-- ----------------------------
-- Table structure for `dnm_platform_user_account`
-- ----------------------------
DROP TABLE IF EXISTS `dnm_platform_user_account`;
CREATE TABLE `dnm_platform_user_account` (
  `account_id` varchar(20) NOT NULL COMMENT '账户号',
  `sub_account_type` varchar(6) NOT NULL COMMENT '子账户类型',
  `platform_user_id` varchar(16) NOT NULL COMMENT 'dnm_platform_user表的ID',
  PRIMARY KEY (`account_id`),
  KEY `pua_puid` (`platform_user_id`)
) ENGINE=InnoDB DEFAULT CHARSET=utf8;

-- ----------------------------
-- Records of dnm_platform_user_account
-- ----------------------------
INSERT INTO `dnm_platform_user_account` VALUES ('20140612000000990156', '200101', '2014061200000007');
INSERT INTO `dnm_platform_user_account` VALUES ('20140612000001000156', '200102', '2014061200000007');
INSERT INTO `dnm_platform_user_account` VALUES ('20140612000001010156', '200201', '2014061200000007');
INSERT INTO `dnm_platform_user_account` VALUES ('20140612000001020156', '200302', '2014061200000007');
INSERT INTO `dnm_platform_user_account` VALUES ('20140612000001030156', '200202', '2014061200000007');
INSERT INTO `dnm_platform_user_account` VALUES ('20140612000001040156', '200301', '2014061200000007');
INSERT INTO `dnm_platform_user_account` VALUES ('20140612000001050156', '200401', '2014061200000007');

-- ----------------------------
-- Table structure for `dnm_user`
-- ----------------------------
DROP TABLE IF EXISTS `dnm_user`;
CREATE TABLE `dnm_user` (
  `id` varchar(16) NOT NULL COMMENT 'id，8位日期+8位seq',
  `username` varchar(128) NOT NULL COMMENT '用户名',
  `password` varchar(128) NOT NULL COMMENT '密码',
  `email` varchar(255) NOT NULL COMMENT '邮箱',
  `gmt_create` datetime NOT NULL DEFAULT '0000-00-00 00:00:00',
  `gmt_modified` timestamp NOT NULL DEFAULT CURRENT_TIMESTAMP ON UPDATE CURRENT_TIMESTAMP,
  PRIMARY KEY (`id`),
  UNIQUE KEY `username` (`username`),
  UNIQUE KEY `email` (`email`)
) ENGINE=InnoDB DEFAULT CHARSET=utf8 COMMENT='用户表';

-- ----------------------------
-- Records of dnm_user
-- ----------------------------
INSERT INTO `dnm_user` VALUES ('1234567890ABCDEF', 'b2ac9447ae9cd91ac4c1d35d3bd4af2a', 'b2ac9447ae9cd91ac4c1d35d3bd4af2a', 'zhm_test@163.com', '2014-05-15 00:52:40', '2014-05-15 00:52:40');
INSERT INTO `dnm_user` VALUES ('2014042900000013', 'zhm0.299296269215128751398708879830', 'zhm', 'zhm@163.com0.0039966936890362131398708879831', '2014-04-29 02:14:40', '2014-04-29 02:14:40');
INSERT INTO `dnm_user` VALUES ('2014042900000014', 'zhm0.11621070678676161398709365544', 'zhm', 'zhm@163.com0.99045868587675761398709365544', '2014-04-29 02:22:46', '2014-04-29 02:22:46');
INSERT INTO `dnm_user` VALUES ('2014042900000015', 'zhm0.358775356886956051398734586212', 'zhm', 'zhm@163.com0.496735103608842431398734586212', '2014-04-29 09:23:07', '2014-04-29 09:23:07');
INSERT INTO `dnm_user` VALUES ('2014042900000016', 'zhm0.47168827111847091398736936453', 'zhm', 'zhm@163.com0.92240577925994321398736936453', '2014-04-29 10:02:17', '2014-04-29 10:02:17');
INSERT INTO `dnm_user` VALUES ('2014042900000017', 'zhm0.49075437926553781398737008103', 'zhm', 'zhm@163.com0.79044643873439881398737008103', '2014-04-29 10:03:29', '2014-04-29 10:03:29');
INSERT INTO `dnm_user` VALUES ('2014042900000018', 'zhm0.5544571847020951398737340289', 'zhm', 'zhm@163.com0.94216175807021521398737340289', '2014-04-29 10:09:01', '2014-04-29 10:09:01');
INSERT INTO `dnm_user` VALUES ('2014042900000019', 'zhm0.52070790367756871398737605404', 'zhm', 'zhm@163.com0.26741115227340021398737605404', '2014-04-29 10:13:26', '2014-04-29 10:13:26');
INSERT INTO `dnm_user` VALUES ('2014042900000020', 'zhm0.756917490210591398737809175', 'zhm', 'zhm@163.com0.18937259616720261398737809175', '2014-04-29 10:16:50', '2014-04-29 10:16:50');
INSERT INTO `dnm_user` VALUES ('2014042900000021', 'zhm0.64563847569308661398737849338', 'zhm', 'zhm@163.com0.30707221667134011398737849338', '2014-04-29 10:17:30', '2014-04-29 10:17:30');
INSERT INTO `dnm_user` VALUES ('2014042900000022', 'zhm0.433792924798027341398737957509', 'zhm', 'zhm@163.com0.230647720413901031398737957509', '2014-04-29 10:19:18', '2014-04-29 10:19:18');
INSERT INTO `dnm_user` VALUES ('2014042900000023', 'zhm0.31019854209584031398738155033', 'zhm', 'zhm@163.com0.95353387679487761398738155033', '2014-04-29 10:22:36', '2014-04-29 10:22:36');
INSERT INTO `dnm_user` VALUES ('2014042900000024', 'zhm0.9063082418526651398779925672', 'zhm123', 'zhm@163.com0.56212401479201111398779925672', '2014-04-29 21:58:46', '2014-04-29 21:58:46');
INSERT INTO `dnm_user` VALUES ('2014042900000025', 'zhm0.76888670795566071398782187569', 'zhm123', 'zhm@163.com0.5441679369411991398782187569', '2014-04-29 22:36:28', '2014-04-29 22:36:28');
INSERT INTO `dnm_user` VALUES ('2014043000000026', 'zhm0.199971657922413671398792168834', 'zhm123', 'zhm@163.com0.057946602502324531398792168834', '2014-04-30 01:22:50', '2014-04-30 01:22:50');
INSERT INTO `dnm_user` VALUES ('2014043000000027', 'zhm0.368308827291376151398792345136', 'zhm123', 'zhm@163.com0.66247896663108611398792345136', '2014-04-30 01:25:46', '2014-04-30 01:25:46');
INSERT INTO `dnm_user` VALUES ('2014043000000028', 'zhm0.4753711941185641398792494031', 'zhm123', 'zhm@163.com0.63115081243158681398792494031', '2014-04-30 01:29:26', '2014-04-30 01:29:26');
INSERT INTO `dnm_user` VALUES ('2014043000000029', 'zhm0.99602943649955491398794248317', 'zhm123', 'zhm@163.com0.115921013191330641398794248317', '2014-04-30 01:57:29', '2014-04-30 01:57:29');
INSERT INTO `dnm_user` VALUES ('2014050100000030', 'zhm0.47487441781556371398923221615', 'zhm123', 'zhm@163.com0.96102476976014281398923221615', '2014-05-01 13:47:02', '2014-05-01 13:47:02');
INSERT INTO `dnm_user` VALUES ('2014050100000031', 'zhm0.58702962543184671398925682806', 'zhm123', 'zhm@163.com0.8539987040456661398925682806', '2014-05-01 14:28:03', '2014-05-01 14:28:03');
INSERT INTO `dnm_user` VALUES ('2014050100000032', 'zhm0.129846292987952471398925740971', 'zhm123', 'zhm@163.com0.0291386927892184341398925740971', '2014-05-01 14:29:02', '2014-05-01 14:29:02');
INSERT INTO `dnm_user` VALUES ('2014050100000033', 'zhm0.46525480506398821398927847616', 'zhm123', 'zhm@163.com0.349982401228292051398927847616', '2014-05-01 15:04:08', '2014-05-01 15:04:08');
INSERT INTO `dnm_user` VALUES ('2014050100000034', 'zhm0.54530642680789931398931378208', 'zhm123', 'zhm@163.com0.22172958199609261398931378208', '2014-05-01 16:02:59', '2014-05-01 16:02:59');
INSERT INTO `dnm_user` VALUES ('2014050100000035', 'zhm0.9902202297975581398931530670', 'zhm123', 'zhm@163.com0.66710936354845961398931530671', '2014-05-01 16:05:31', '2014-05-01 16:05:31');
INSERT INTO `dnm_user` VALUES ('2014050100000036', 'zhm0.20278211364271461398931583318', 'zhm123', 'zhm@163.com0.319091724649926631398931583318', '2014-05-01 16:06:24', '2014-05-01 16:06:24');
INSERT INTO `dnm_user` VALUES ('2014050100000037', 'zhm0.491849200843000661398931590284', 'zhm123', 'zhm@163.com0.313432021173568831398931590284', '2014-05-01 16:06:43', '2014-05-01 16:06:43');
INSERT INTO `dnm_user` VALUES ('2014050100000038', 'zhm0.78097811780602881398931662414', 'zhm123', 'zhm@163.com0.74075652603817451398931662414', '2014-05-01 16:07:43', '2014-05-01 16:07:43');
INSERT INTO `dnm_user` VALUES ('2014050100000039', 'zhm0.6751648494062871398949601782', 'zhm123', 'zhm@163.com0.34054322739569811398949601782', '2014-05-01 21:06:42', '2014-05-01 21:06:42');
INSERT INTO `dnm_user` VALUES ('2014050100000040', 'zhm0.79570623413056481398949631646', 'zhm123', 'zhm@163.com0.346172217039883771398949631646', '2014-05-01 21:07:23', '2014-05-01 21:07:23');
INSERT INTO `dnm_user` VALUES ('2014050100000041', 'zhm0.9006242688065731398949705621', 'zhm123', 'zhm@163.com0.282079974563553051398949705621', '2014-05-01 21:09:47', '2014-05-01 21:09:47');
INSERT INTO `dnm_user` VALUES ('2014050200000042', 'zhm0.69903843329210621398961082822', 'zhm123', 'zhm@163.com0.87330419392008551398961082822', '2014-05-02 00:18:03', '2014-05-02 00:18:03');
INSERT INTO `dnm_user` VALUES ('2014050200000043', 'zhm0.74424528264894961398976412667', 'zhm123', 'zhm@163.com0.268480739886428841398976412667', '2014-05-02 04:33:33', '2014-05-02 04:33:33');
INSERT INTO `dnm_user` VALUES ('2014050200000044', 'zhm0.280606785945198831398979365352', 'zhm123', 'zhm@163.com0.77677027272920031398979365353', '2014-05-02 05:22:46', '2014-05-02 05:22:46');
INSERT INTO `dnm_user` VALUES ('2014050200000045', 'zhm0.138533923723612621398979421925', 'zhm123', 'zhm@163.com0.97026435180884151398979421925', '2014-05-02 05:24:41', '2014-05-02 05:24:41');
INSERT INTO `dnm_user` VALUES ('2014050200000046', '81a222fefca04e89f6c2937e6ccdb485', 'd4fd930228843e0823620c93bea6d252', 'zhm@163.com0.97151116355000931398979996080', '2014-05-02 05:33:29', '2014-05-02 05:33:29');
INSERT INTO `dnm_user` VALUES ('2014050200000047', '25db019522d3bc9538317238d588e7bb', 'd4fd930228843e0823620c93bea6d252', 'zhm@163.com0.93662698103464141399007296419', '2014-05-02 13:08:17', '2014-05-02 13:08:17');
INSERT INTO `dnm_user` VALUES ('2014050200000048', 'd364d2df5000732b501f64c71e13c0c9', 'd4fd930228843e0823620c93bea6d252', 'zhm@163.com0.85640802149113621399008830176', '2014-05-02 13:33:51', '2014-05-02 13:33:51');
INSERT INTO `dnm_user` VALUES ('2014050200000049', '9a7e3a2b6f589b21469af13e7c85d2c5', 'd4fd930228843e0823620c93bea6d252', 'zhm@163.com0.68925563329574471399013989213', '2014-05-02 14:59:50', '2014-05-02 14:59:50');
INSERT INTO `dnm_user` VALUES ('2014050200000050', 'c33c73deef15ae8c0da80d6be7301bc3', 'd4fd930228843e0823620c93bea6d252', 'zhm@163.com0.5685291716259091399015635424', '2014-05-02 15:27:16', '2014-05-02 15:27:16');
INSERT INTO `dnm_user` VALUES ('2014050200000051', '0779f9d8a1ad69db9115a71dad5307d0', 'd4fd930228843e0823620c93bea6d252', 'zhm@163.com0.126041861752634881399019060548', '2014-05-02 16:24:21', '2014-05-02 16:24:21');
INSERT INTO `dnm_user` VALUES ('2014050200000052', '5a10b6dea7f1c2a7f7b9e92b34f876e4', 'd4fd930228843e0823620c93bea6d252', 'zhm@163.com0.437199935889567851399020281183', '2014-05-02 16:44:42', '2014-05-02 16:44:42');
INSERT INTO `dnm_user` VALUES ('2014050200000053', 'zhm0.177479893842677261399045058399', 'zhm123', 'zhm@163.com0.57577646965450561399045058399', '2014-05-02 23:37:39', '2014-05-02 23:37:39');
INSERT INTO `dnm_user` VALUES ('2014050300000056', 'zhm0.6054534523451291399050073605', 'zhm123', 'zhm@163.com0.95188975561888261399050073605', '2014-05-03 01:01:14', '2014-05-03 01:01:14');
INSERT INTO `dnm_user` VALUES ('2014050300000057', 'zhm0.16868128902246251399050151713', 'zhm123', 'zhm@163.com0.43524313683600471399050151713', '2014-05-03 01:02:33', '2014-05-03 01:02:33');
INSERT INTO `dnm_user` VALUES ('2014050300000058', 'zhm0.55843160085740051399050350646', 'zhm123', 'zhm@163.com0.42860475279952171399050350646', '2014-05-03 01:05:59', '2014-05-03 01:05:59');
INSERT INTO `dnm_user` VALUES ('2014050300000059', 'zhm0.46966321951152891399050488482', 'zhm123', 'zhm@163.com0.81825966349934011399050488482', '2014-05-03 01:08:09', '2014-05-03 01:08:09');
INSERT INTO `dnm_user` VALUES ('2014050300000060', 'zhm0.418727335160054341399079220861', 'zhm123', 'zhm@163.com0.96442532271295011399079220861', '2014-05-03 09:07:02', '2014-05-03 09:07:02');
INSERT INTO `dnm_user` VALUES ('2014050300000061', 'zhm0.179521019328060641399079405370', 'zhm123', 'zhm@163.com0.301727859464328341399079405370', '2014-05-03 09:10:06', '2014-05-03 09:10:06');
INSERT INTO `dnm_user` VALUES ('2014050300000062', 'zhm0.22054812250967471399084689917', 'zhm123', 'zhm@163.com0.66453173951857041399084689917', '2014-05-03 10:38:10', '2014-05-03 10:38:10');
INSERT INTO `dnm_user` VALUES ('2014050300000063', 'zhm0.176987245596400781399084941298', 'zhm123', 'zhm@163.com0.41133802135664991399084941298', '2014-05-03 10:42:22', '2014-05-03 10:42:22');
INSERT INTO `dnm_user` VALUES ('2014050300000064', 'zhm0.220044208557088731399087945894', 'zhm123', 'zhm@163.com0.171521276925020951399087945895', '2014-05-03 11:32:26', '2014-05-03 11:32:26');
INSERT INTO `dnm_user` VALUES ('2014050300000065', '34ef6dc1e386f5a2238e4331bfcb5d6e', 'd4fd930228843e0823620c93bea6d252', 'zhm@163.com0.37354840322837471399096309690', '2014-05-03 13:51:50', '2014-05-03 13:51:50');
INSERT INTO `dnm_user` VALUES ('2014050300000066', '3e5c84890309fc2ec979696f8ab35b7b', 'd4fd930228843e0823620c93bea6d252', 'zhm@163.com0.97759650569096481399096604368', '2014-05-03 14:00:45', '2014-05-03 14:00:45');
INSERT INTO `dnm_user` VALUES ('2014050300000067', '1802f4c733b51adccc2a095f798b867c', 'd4fd930228843e0823620c93bea6d252', 'zhm@163.com0.221305704838505871399098676576', '2014-05-03 14:31:17', '2014-05-03 14:31:17');
INSERT INTO `dnm_user` VALUES ('2014050300000068', '02ab917747620f8b57c77294ea1faa97', 'd4fd930228843e0823620c93bea6d252', 'zhm@163.com0.37305425043822951399103181009', '2014-05-03 15:46:22', '2014-05-03 15:46:22');
INSERT INTO `dnm_user` VALUES ('2014050300000069', '6f6268d895daf55197141b2579f356a0', 'd4fd930228843e0823620c93bea6d252', 'zhm@163.com0.08233386414868871399105581759', '2014-05-03 16:26:22', '2014-05-03 16:26:22');
INSERT INTO `dnm_user` VALUES ('2014050300000070', '572e7fbaff310c80050c0690b9243012', 'd4fd930228843e0823620c93bea6d252', 'zhm@163.com0.94730791529060321399119648668', '2014-05-03 20:20:49', '2014-05-03 20:20:49');
INSERT INTO `dnm_user` VALUES ('2014050300000071', '4676021d055e739a138f35fb51a0806c', 'd4fd930228843e0823620c93bea6d252', 'zhm@163.com0.77203032767189521399120394718', '2014-05-03 20:33:15', '2014-05-03 20:33:15');
INSERT INTO `dnm_user` VALUES ('2014050300000072', '655c4f0afc82a4c8483fa38d40737dde', 'd4fd930228843e0823620c93bea6d252', 'zhm@163.com0.88223354002548531399128122036', '2014-05-03 22:42:03', '2014-05-03 22:42:03');
INSERT INTO `dnm_user` VALUES ('2014050300000073', '43c0e79a6914faebadb19fb3a4cfea72', 'd4fd930228843e0823620c93bea6d252', 'zhm@163.com0.28140294310964641399130622632', '2014-05-03 23:23:43', '2014-05-03 23:23:43');
INSERT INTO `dnm_user` VALUES ('2014050400000074', '605bddaa2481cf5327302b96ad7ece57', 'd4fd930228843e0823620c93bea6d252', 'zhm@163.com0.86730681943135191399133285306', '2014-05-04 00:08:06', '2014-05-04 00:08:06');
INSERT INTO `dnm_user` VALUES ('2014050400000075', '27fccaf9a0817e7b730e45a05582af03', '4f7fe53e82597c448c022e54f0951927', 'zhm@163.com0.46905438785322131399133897890', '2014-05-04 00:18:18', '2014-05-04 00:18:18');
INSERT INTO `dnm_user` VALUES ('2014050400000076', '0c35bcd027283e398a16e0087b52bd82', 'd651a3f5b9311ef2985356bcf73cd304', 'zhm@163.com0.79564310855411691399134509338', '2014-05-04 00:28:29', '2014-05-04 00:28:29');
INSERT INTO `dnm_user` VALUES ('2014050400000077', 'd74ee2d82978a80d72c693df04497322', '6181b0ab754d6d14030d3b3d82976301', 'zhm@163.com0.96465951733875891399134682809', '2014-05-04 00:31:23', '2014-05-04 00:31:23');
INSERT INTO `dnm_user` VALUES ('2014050400000078', '3a85c9a62f33505b700937c90bb1e6c3', 'ef7687df19116d58c3b37ec5238e86d3', 'zhm@163.com0.87758413278311751399134752505', '2014-05-04 00:32:33', '2014-05-04 00:32:33');
INSERT INTO `dnm_user` VALUES ('2014050400000079', 'd1791e1034850e787e49c2a4ce3430cf', 'a56b0fc817492ab03f7cf2f9340ec9b8', 'zhm@163.com0.93210431153978051399136545933', '2014-05-04 01:02:26', '2014-05-04 01:02:26');
INSERT INTO `dnm_user` VALUES ('2014050400000080', 'ce844f8a23b2dcae1af51ce9eb079199', '5e36b92a66856899ec90df7188e8356f', 'zhm@163.com0.24619733287831881399136651243', '2014-05-04 01:04:12', '2014-05-04 01:04:12');
INSERT INTO `dnm_user` VALUES ('2014050400000081', 'a9f85af04e1ed8abab054a91e2d10339', '7470c7deb61e6d90d76a89985b835120', 'zhm@163.com0.0545985226312406541399136761723', '2014-05-04 01:06:02', '2014-05-04 01:06:02');
INSERT INTO `dnm_user` VALUES ('2014050400000082', 'e4988210daa444e14772f5445bf2a56f', '2a3dedb7748994a910d1856e9495103a', 'zhm@163.com0.206080859699767971399136855351', '2014-05-04 01:07:36', '2014-05-04 01:07:36');
INSERT INTO `dnm_user` VALUES ('2014050400000083', '017d5fe295a19a5dc54a735c8597e4a9', '7444f8b796ba3ed1155e1797c5f87f44', 'zhm@163.com0.446889930386258461399136945816', '2014-05-04 01:09:06', '2014-05-04 01:09:06');
INSERT INTO `dnm_user` VALUES ('2014050400000084', '55039c1070027a0528673cdcb9261a1d', '1325413d9375ed3ca24b085867c972ee', 'zhm@163.com0.30334245789591151399137091322', '2014-05-04 01:11:32', '2014-05-04 01:11:32');
INSERT INTO `dnm_user` VALUES ('2014050400000085', '7bc97da6af7ad023ed3e5e84257d68b2', 'd4fd930228843e0823620c93bea6d252', 'zhm@163.com0.058003315756547051399138099836', '2014-05-04 01:28:20', '2014-05-04 01:28:20');
INSERT INTO `dnm_user` VALUES ('2014050400000086', '7228fcbcf97ee6f5f202830580b013f7', '0caeda0a9a8cab2eed462c4cd84cabed', 'zhm@163.com0.94349178081458941399138757680', '2014-05-04 01:39:18', '2014-05-04 01:39:18');
INSERT INTO `dnm_user` VALUES ('2014050400000087', '32deb7adc35b893f96af194c49011a1e', 'd4fd930228843e0823620c93bea6d252', 'zhm@163.com0.118030880777896471399139705385', '2014-05-04 01:55:06', '2014-05-04 01:55:06');
INSERT INTO `dnm_user` VALUES ('2014050400000088', '6a91e7c0d25cc76cb6cf67bb1870368d', 'd4fd930228843e0823620c93bea6d252', 'zhm@163.com0.73510871396224411399139793907', '2014-05-04 01:56:34', '2014-05-04 01:56:34');
INSERT INTO `dnm_user` VALUES ('2014050400000089', '7ecc540f99f2fd40a44388c7997b63e5', 'd4fd930228843e0823620c93bea6d252', 'zhm@163.com0.72486711966341781399140622283', '2014-05-04 02:10:23', '2014-05-04 02:10:23');
INSERT INTO `dnm_user` VALUES ('2014050400000090', '53a756060fe5cbf50e17d1227782ef04', 'd4fd930228843e0823620c93bea6d252', 'zhm@163.com0.49793148499431341399175992227', '2014-05-04 11:59:53', '2014-05-04 11:59:53');
INSERT INTO `dnm_user` VALUES ('2014050400000091', 'zhm0.90258410012019491399177486780', 'zhm123', 'zhm@163.com0.086426995351669761399177486780', '2014-05-04 12:26:28', '2014-05-04 12:26:28');
INSERT INTO `dnm_user` VALUES ('2014050400000092', 'zhm0.57808417586018391399177588516', 'zhm123', 'xxx0.3504176749331931399177588516', '2014-05-04 12:26:29', '2014-05-04 12:26:29');
INSERT INTO `dnm_user` VALUES ('2014050400000093', '725a09e5e80c605f6f033ae1bfb77e69', 'd4fd930228843e0823620c93bea6d252', 'zhm@163.com0.461594084489384771399178963381', '2014-05-04 12:49:24', '2014-05-04 12:49:24');
INSERT INTO `dnm_user` VALUES ('2014050400000094', 'ce1c4f1397eeae2aa9147027ebc7fbfa', 'd4fd930228843e0823620c93bea6d252', 'zhm@163.com0.461333787083590961399179069592', '2014-05-04 12:51:10', '2014-05-04 12:51:10');
INSERT INTO `dnm_user` VALUES ('2014050400000095', '08cb72827ebb5adbba40123f6d7ee433', 'd4fd930228843e0823620c93bea6d252', 'zhm@163.com0.29474165129366271399184867545', '2014-05-04 14:27:48', '2014-05-04 14:27:48');
INSERT INTO `dnm_user` VALUES ('2014050400000096', '936fb2c1f193b95d9cc8277f5f91421b', 'd4fd930228843e0823620c93bea6d252', 'zhm@163.com0.25928256389681551399184952730', '2014-05-04 14:29:13', '2014-05-04 14:29:13');
INSERT INTO `dnm_user` VALUES ('2014050400000097', 'bfcc19b2696ef2786aedd606a5670dde', 'd4fd930228843e0823620c93bea6d252', 'zhm@163.com0.304459237331825671399186752512', '2014-05-04 14:59:13', '2014-05-04 14:59:13');
INSERT INTO `dnm_user` VALUES ('2014050400000098', '0139d95c4735760641ada910d8e20f88', 'd4fd930228843e0823620c93bea6d252', 'zhm@163.com0.0186517466149346281399188934955', '2014-05-04 15:35:35', '2014-05-04 15:35:35');
INSERT INTO `dnm_user` VALUES ('2014050400000099', '3da76bf80463121850f7c306172458d7', 'd4fd930228843e0823620c93bea6d252', 'zhm@163.com0.71453796521424421399188998928', '2014-05-04 15:36:39', '2014-05-04 15:36:39');
INSERT INTO `dnm_user` VALUES ('2014050400000100', '688c86a3562aa198bfe506385c14d28e', 'd4fd930228843e0823620c93bea6d252', 'zhm@163.com0.51570538641349951399189149297', '2014-05-04 15:39:10', '2014-05-04 15:39:10');
INSERT INTO `dnm_user` VALUES ('2014050400000101', 'cfc0c463cba80ba7f1dd062f0b80425b', 'd4fd930228843e0823620c93bea6d252', 'zhm@163.com0.67753582974462061399192610837', '2014-05-04 16:36:52', '2014-05-04 16:36:52');
INSERT INTO `dnm_user` VALUES ('2014050400000102', '30c3c408a77fe3decaa3dbbe3e4aeeb4', 'd4fd930228843e0823620c93bea6d252', 'zhm@163.com0.516994506923151399196915240', '2014-05-04 17:48:36', '2014-05-04 17:48:36');
INSERT INTO `dnm_user` VALUES ('2014050400000103', '083786a3a87f72eea67383f3ebded655', 'd4fd930228843e0823620c93bea6d252', 'zhm@163.com0.65411781239487941399196986215', '2014-05-04 17:49:47', '2014-05-04 17:49:47');
INSERT INTO `dnm_user` VALUES ('2014050400000104', 'bd24ecf462da62ae67010d9f3952622f', 'd4fd930228843e0823620c93bea6d252', 'zhm@163.com0.81793803651826551399197128026', '2014-05-04 17:52:09', '2014-05-04 17:52:09');
INSERT INTO `dnm_user` VALUES ('2014050400000105', '0ba98419e1815a7191a60a308a30ba19', 'd4fd930228843e0823620c93bea6d252', 'zhm@163.com0.98380479719500921399214518324', '2014-05-04 22:41:59', '2014-05-04 22:41:59');
INSERT INTO `dnm_user` VALUES ('2014050400000106', '2d63c9f4ac7ff738dcc119179d70a27c', '176b6fc5d4bfc8c0e4f83f9a5678b8f8', 'zhm@163.com0.85690458023885031399215345761', '2014-05-04 22:55:46', '2014-05-04 22:55:46');
INSERT INTO `dnm_user` VALUES ('2014050400000107', '5d82dd96ce6400e3b1a15548b06f4b51', '9557df1e313b3a663b6fdc80306aba8a', 'zhm@163.com0.111789699540234211399215540872', '2014-05-04 22:59:01', '2014-05-04 22:59:01');
INSERT INTO `dnm_user` VALUES ('2014050500000108', 'f1955aee6d3d667ed3e7cda2c8f4b104', 'fd3529d91f692b9b6c4c1a407e680901', 'zhm@163.com0.8884196309170671399252667169', '2014-05-05 09:17:48', '2014-05-05 09:17:48');
INSERT INTO `dnm_user` VALUES ('2014050500000109', '139777b89fa433ab4165982c507f0313', 'ae60c8bcec50f710e22f53106a8d24a8', 'zhm@163.com0.155505168950252241399263132524', '2014-05-05 12:12:13', '2014-05-05 12:12:13');
INSERT INTO `dnm_user` VALUES ('2014050600000110', '10c67268dfa9f22b6be667da85233ae8', '4cb611228cf9b6774641984ff532f2d5', 'zhm@163.com0.021949516786914591399306351988', '2014-05-06 00:12:32', '2014-05-06 00:12:32');
INSERT INTO `dnm_user` VALUES ('2014050600000111', '698b967549cdd637733713abe5e7b18a', '13c041ce06ca503fd11f795fe9a03179', 'zhm@163.com0.190854653564744851399307962032', '2014-05-06 00:39:23', '2014-05-06 00:39:23');
INSERT INTO `dnm_user` VALUES ('2014050700000112', '3c0498b2e1d10a426510e3290e06bd5c', 'b250d51459f35f33bf98c9a54fe5d507', 'zhm@163.com0.56328057168377821399427870941', '2014-05-07 09:57:51', '2014-05-07 09:57:51');
INSERT INTO `dnm_user` VALUES ('2014050700000113', '764f54d97c28de60b1dfeb434e73267e', 'fb4cd36f9a354665999ecf348d8fb0a9', 'zhm@163.com0.98242056247938391399428194669', '2014-05-07 10:03:15', '2014-05-07 10:03:15');
INSERT INTO `dnm_user` VALUES ('2014050700000114', 'e715b4581cabc1269f898c598fe016ad', 'cbae147b82153aec7897f36bfdb2df08', 'zhm@163.com0.26852891825011561399428320819', '2014-05-07 10:05:22', '2014-05-07 10:05:22');
INSERT INTO `dnm_user` VALUES ('2014050700000115', '17f38ca3ef8362639456aafdbc5fbe5b', '6d39cdb8e1408e79eaddb1f134a6fe7e', 'zhm@163.com0.70180491984222841399428561489', '2014-05-07 10:09:22', '2014-05-07 10:09:22');
INSERT INTO `dnm_user` VALUES ('2014050700000116', '44a575dc41ab1bc0f6ec20172df63613', '81ab92197e7265aea52bdb8cef9e8a5e', 'zhm@163.com0.89741418201955471399428661539', '2014-05-07 10:11:02', '2014-05-07 10:11:02');
INSERT INTO `dnm_user` VALUES ('2014050700000117', '6e0419d15062afa71531717faa5f116d', '8a41b433c46dc621edfc4e7bb332d643', 'zhm@163.com0.68508454738047061399428852143', '2014-05-07 10:14:13', '2014-05-07 10:14:13');
INSERT INTO `dnm_user` VALUES ('2014050800000118', '13148a35afdfa52240de70890a8ab33d', 'bc353c723584ba73590a8b5c2743edc3', 'zhm@163.com0.259419683723864371399481713153', '2014-05-08 00:55:14', '2014-05-08 00:55:14');
INSERT INTO `dnm_user` VALUES ('2014050800000119', '8c3d85c583444721b5b5c42b2e75ea5a', '7cbee3b60984d32722e15db56b148766', 'zhm@163.com0.396607628540312731399481920460', '2014-05-08 00:58:41', '2014-05-08 00:58:41');
INSERT INTO `dnm_user` VALUES ('2014050800000120', 'b92398c1ec696d2a41357c9a2a5fedab', '3c8c04881bcdd95c7c60a9d7dfca5857', 'zhm@163.com0.234832710196709931399482041230', '2014-05-08 01:00:42', '2014-05-08 01:00:42');
INSERT INTO `dnm_user` VALUES ('2014050900000121', '4fd0bb51aedfd8728683056ec894e74a', '735347035ec14d31b4f9d05635f27b46', 'zhm@163.com0.1819971687011561399643993343', '2014-05-09 21:59:54', '2014-05-09 21:59:54');
INSERT INTO `dnm_user` VALUES ('2014050900000122', '1bc79ea3230181f1f042a72e9e94f430', '5c57f68190c3e819c3eeb71fa2fac532', 'zhm@163.com0.46828503904315691399644191741', '2014-05-09 22:03:12', '2014-05-09 22:03:12');
INSERT INTO `dnm_user` VALUES ('2014050900000123', 'd22ce54c713807396780be6fc782d7a9', '5fb0f938853f988194e1fa8526dbbb39', 'zhm@163.com0.127575669165484241399644192860', '2014-05-09 22:03:13', '2014-05-09 22:03:13');
INSERT INTO `dnm_user` VALUES ('2014050900000124', 'aa227041e69b941cafaa95cddb00cad8', 'bfca52ac497bb4c3bb0adfe4c6b48142', 'zhm@163.com0.89975671962781691399644273785', '2014-05-09 22:04:34', '2014-05-09 22:04:34');
INSERT INTO `dnm_user` VALUES ('2014050900000125', '1e91fb2f5e7bd78fe23fa922cdfb01d3', '670d69ee4c0ea3a0e4bc6353ff74e049', 'zhm@163.com0.74016500190309951399644274888', '2014-05-09 22:04:35', '2014-05-09 22:04:35');
INSERT INTO `dnm_user` VALUES ('2014050900000126', 'dfc1de4cfee693eff4a155268040ac83', 'b98bf46feb2fc8b9397d7c507573334e', 'zhm@163.com0.38162221897303361399645798723', '2014-05-09 22:30:10', '2014-05-09 22:30:10');
INSERT INTO `dnm_user` VALUES ('2014050900000127', 'aa35536e2aef1c349529c2991c3bc76e', '151631b7183b06836e3f29b7e5b6cefc', 'zhm@163.com0.49355264322626661399645852732', '2014-05-09 22:30:53', '2014-05-09 22:30:53');
INSERT INTO `dnm_user` VALUES ('2014051000000128', 'f8e697b6e0e8bc7bdbd16fea8fdd12c2', 'e81a7423f80d32da512c264d9ab7e52c', 'zhm@163.com0.81117274101333921399652520989', '2014-05-10 00:22:01', '2014-05-10 00:22:01');
INSERT INTO `dnm_user` VALUES ('2014051000000129', '0f8d8b242ed6afa188ff5c6b4dbc4cff', '7ac824e705c0fa308a2406e0db1d0721', 'zhm@163.com0.66368180360616361399652521976', '2014-05-10 00:22:02', '2014-05-10 00:22:02');
INSERT INTO `dnm_user` VALUES ('2014051000000130', '7bf97fa096142a13bb4577930ec20928', 'e8c7765b9735d83fbeda0bffc754d295', 'zhm@163.com0.42979615185102171399652712836', '2014-05-10 00:25:13', '2014-05-10 00:25:13');
INSERT INTO `dnm_user` VALUES ('2014051000000131', '561b27a1dac241c747b164def145a335', '68c4d554d136ee0e14ea982fc8c52c13', 'zhm@163.com0.643598004164831399652713818', '2014-05-10 00:25:14', '2014-05-10 00:25:14');
INSERT INTO `dnm_user` VALUES ('2014051000000132', '631c1240da2b1ad140d93018660307fb', 'f89327f07b26ede9efd9020ea401f597', 'zhm@163.com0.40571543244514051399652750673', '2014-05-10 00:25:51', '2014-05-10 00:25:51');
INSERT INTO `dnm_user` VALUES ('2014051000000133', '019ac0d628be266d422bd98e6669be1c', '20b7a632cbc8d16b9ecef68f3eebd078', 'zhm@163.com0.199788118620382931399652806074', '2014-05-10 00:26:47', '2014-05-10 00:26:47');
INSERT INTO `dnm_user` VALUES ('2014051000000134', '8424a006d1126de1d44b78721d261d42', 'a4b28592ff1fc5be1688f433709e555d', 'zhm@163.com0.209249522837996471399655009511', '2014-05-10 01:03:30', '2014-05-10 01:03:30');
INSERT INTO `dnm_user` VALUES ('2014051000000135', 'b279937be894d60ab24b2129df03dbda', '829fbcb6680dbc0fc9201602a455ac17', 'zhm@163.com0.178421566273508251399655010427', '2014-05-10 01:03:30', '2014-05-10 01:03:30');
INSERT INTO `dnm_user` VALUES ('2014051000000136', '68fc5d8faf86537f34adb9b8f58596a7', '92ea269806e674ebb02dc0a4874fc514', 'zhm@163.com0.82571402685896971399655020341', '2014-05-10 01:03:41', '2014-05-10 01:03:41');
INSERT INTO `dnm_user` VALUES ('2014051000000137', 'c2e063d692e15668218a73d5dd577940', 'f1fcf695ee8f5a38d7323c0b9b45849b', 'zhm@163.com0.60855649258553121399655106951', '2014-05-10 01:05:07', '2014-05-10 01:05:07');
INSERT INTO `dnm_user` VALUES ('2014051000000138', 'e6c082c9770b4fe69ea810e044c61d85', '745d771306ec5cd2a8cb382dbb4972ee', 'zhm@163.com0.88313749624973351399655458851', '2014-05-10 01:10:59', '2014-05-10 01:10:59');
INSERT INTO `dnm_user` VALUES ('2014051000000139', '32be3cfaf36e6ab3270afce3838bf7cd', 'ab867044f3c17b657286515dfbe490ea', 'zhm@163.com0.76174262263160391399655902643', '2014-05-10 01:18:23', '2014-05-10 01:18:23');
INSERT INTO `dnm_user` VALUES ('2014051000000140', 'e9e394048c25a8bc73c57cc795e558b7', 'b3453c5494c27bc008e80b51ba00dcef', 'zhm@163.com0.79613633366547091399656121054', '2014-05-10 01:22:02', '2014-05-10 01:22:02');
INSERT INTO `dnm_user` VALUES ('2014051000000141', 'c3a3014b03b99993e262f259a1f6a933', '80614da65614c9b1f5c71b02874f4f86', 'zhm@163.com0.245803532365176941399656126614', '2014-05-10 01:22:29', '2014-05-10 01:22:29');
INSERT INTO `dnm_user` VALUES ('2014051000000142', 'c265fab224feee54d2927b66dd1f73cf', 'f8110321b436d8499e4aa00b0ba06c27', 'zhm@163.com0.46256926699518841399656381949', '2014-05-10 01:26:32', '2014-05-10 01:26:32');
INSERT INTO `dnm_user` VALUES ('2014051000000143', '5abf8f362fd0eddf5942435a6d6d3e90', '5c315e82390e97cee7763c4ceaef3dee', 'zhm@163.com0.446847486517785941399656536174', '2014-05-10 01:29:02', '2014-05-10 01:29:02');
INSERT INTO `dnm_user` VALUES ('2014051000000144', 'fdfe393b7b07f99700a84837adac0b5d', '781480c3abc1a61a530aa75074007105', 'zhm@163.com0.93768483548719831399656637771', '2014-05-10 01:30:38', '2014-05-10 01:30:38');
INSERT INTO `dnm_user` VALUES ('2014051000000145', 'a65b2d39ad6eab69e5359597d06e8c80', '255b5d4ae2db651474d9b79983245eb8', 'zhm@163.com0.186688697907103521399656672744', '2014-05-10 01:31:13', '2014-05-10 01:31:13');
INSERT INTO `dnm_user` VALUES ('2014051000000146', '558359e5a7f5debf0f7bb36a912960e2', '0d5211742bd0601b0a2819643300db11', 'zhm@163.com0.89247408932700361399656770170', '2014-05-10 01:32:51', '2014-05-10 01:32:51');
INSERT INTO `dnm_user` VALUES ('2014051000000147', 'c4bfd3bd7f0ca765af52377d52fb902d', '95e47db8082b23f3dd5f39920cf7bae6', 'zhm@163.com0.8905470282829491399690639492', '2014-05-10 10:57:20', '2014-05-10 10:57:20');
INSERT INTO `dnm_user` VALUES ('2014051000000148', '8b346dd61caa639bf118d594150b3d7a', 'b8edaac43acfc84a2c2f15c19dfe05b4', 'zhm@163.com0.130302516631501941399690879949', '2014-05-10 11:01:20', '2014-05-10 11:01:20');
INSERT INTO `dnm_user` VALUES ('2014051000000149', 'f1bf7beaf5c5276c2052dd4165462c23', '5d11c22017e094041e979852e16de09b', 'zhm@163.com0.69990609627382471399691097785', '2014-05-10 11:04:58', '2014-05-10 11:04:58');
INSERT INTO `dnm_user` VALUES ('2014051000000150', '4e4cca65b90bc57b363623e75ad324b9', 'df09b15cdfc38427a1debeb4379f73a7', 'zhm@163.com0.50311332945807471399695905292', '2014-05-10 12:25:06', '2014-05-10 12:25:06');
INSERT INTO `dnm_user` VALUES ('2014051000000151', '92f807681c9dfc58a47060b047fef15c', '79955a2119857f3ee84a9f07f7f75ef2', 'zhm@163.com0.4951009261951241399696163901', '2014-05-10 12:29:24', '2014-05-10 12:29:24');
INSERT INTO `dnm_user` VALUES ('2014051000000152', 'f3dd2616011c9faf10494f2001c8151b', '8e6700692ee84328704c0997218592b5', 'zhm@163.com0.220235177923941981399696205444', '2014-05-10 12:30:06', '2014-05-10 12:30:06');
INSERT INTO `dnm_user` VALUES ('2014051000000153', 'be840154f828c3d9031782ca8086d0f5', 'd343ac15d0bce6b563c3b0c53064502c', 'zhm@163.com0.73057567645174891399696450969', '2014-05-10 12:34:12', '2014-05-10 12:34:12');
INSERT INTO `dnm_user` VALUES ('2014051000000154', '0d6c91dfd8420dae3c35727ec7b34516', '5762f79f72ef8fa1aceff39180c68117', 'zhm@163.com0.424197037561998671399696486322', '2014-05-10 12:34:47', '2014-05-10 12:34:47');
INSERT INTO `dnm_user` VALUES ('2014051000000155', '7b14e96f29056a7b319db198b68d6acf', 'd157bb3b86debaa69dad9aa648abceac', 'zhm@163.com0.54583350277571391399699508688', '2014-05-10 13:25:09', '2014-05-10 13:25:09');
INSERT INTO `dnm_user` VALUES ('2014051000000156', '7b4f668754b9591abfde0a50ae0e8b1d', '14f59be4a7ac593835db88cd0ef36346', 'zhm@163.com0.7740321405636051399699678873', '2014-05-10 13:27:59', '2014-05-10 13:27:59');
INSERT INTO `dnm_user` VALUES ('2014051000000157', 'c8cb39a113ad4ad9a3b94f891287dc66', 'da6a072ce835f42bdb4c782de72213b3', 'zhm@163.com0.59214235419724731399708519894', '2014-05-10 15:55:20', '2014-05-10 15:55:20');
INSERT INTO `dnm_user` VALUES ('2014051000000158', 'e121f847e8ca3ff4ced04b7de36db1ae', '9d1b21bb4a83288636274469a5a68f48', 'zhm@163.com0.80136543870808361399709708479', '2014-05-10 16:15:09', '2014-05-10 16:15:09');
INSERT INTO `dnm_user` VALUES ('2014051000000159', '6e2e009227e393670520b019bd1e5338', '73183597b433da2298a611e3dd2f4ac4', 'zhm@163.com0.59535281026949321399709850319', '2014-05-10 16:17:31', '2014-05-10 16:17:31');
INSERT INTO `dnm_user` VALUES ('2014051000000160', 'a51a265ffc99b4d5e811ca4c0fd46908', 'c822eba59910f3173fdcedbc490db183', 'zhm@163.com0.99290292059551671399711504007', '2014-05-10 16:45:04', '2014-05-10 16:45:04');
INSERT INTO `dnm_user` VALUES ('2014051000000161', '658213f8af4779f0df6bff842d50634c', '06b5295c086401fd36eb83f0df3d0b9f', 'zhm@163.com0.126386342973822671399711779430', '2014-05-10 16:49:40', '2014-05-10 16:49:40');
INSERT INTO `dnm_user` VALUES ('2014051000000162', 'f3961581ca2b10d6deecdc7bc97b3994', 'e2d6db17038b471daa688120db76e275', 'zhm@163.com0.17234078262154051399719966356', '2014-05-10 19:06:06', '2014-05-10 19:06:06');
INSERT INTO `dnm_user` VALUES ('2014051000000163', '7af2e482b9e5c3ad14441839bda42319', '1a5470396a51c90e5ffd77708a6013cd', 'zhm@163.com0.71474364885988811399720513656', '2014-05-10 19:15:14', '2014-05-10 19:15:14');
INSERT INTO `dnm_user` VALUES ('2014051000000164', '28da3eb3f1992c6558bf8c1fd1c341c4', 'b0969270505fe9c46a1751c28c46ef0b', 'zhm@163.com0.77927752943874231399721890083', '2014-05-10 19:38:10', '2014-05-10 19:38:10');
INSERT INTO `dnm_user` VALUES ('2014051000000165', '2cab70e726c1195e00e09ec6ed2fbd80', '31fddd54a08583c9509d02a425d32fae', 'zhm@163.com0.27901329412213651399723117888', '2014-05-10 19:58:38', '2014-05-10 19:58:38');
INSERT INTO `dnm_user` VALUES ('2014051000000166', 'fe0d538aa2d58390eeec99abee527bb1', '820112388caf35ce74ef4cef54c06b66', 'zhm@163.com0.073474003303273921399726132818', '2014-05-10 20:48:53', '2014-05-10 20:48:53');
INSERT INTO `dnm_user` VALUES ('2014051000000167', '9157a15e9edb8ec5c8881df656a47cc9', '7e98ef213a5549ae38d648751a2117ee', 'zhm@163.com0.8261492008437951399726187921', '2014-05-10 20:49:48', '2014-05-10 20:49:48');
INSERT INTO `dnm_user` VALUES ('2014051000000168', 'b1ac382741e20287bb919ebfbaada1fc', '8cd2e319ff58faf184da61e5caa486ee', 'zhm@163.com0.83156577958817221399726489911', '2014-05-10 20:55:00', '2014-05-10 20:55:00');
INSERT INTO `dnm_user` VALUES ('2014051000000169', 'f4168e397185ef8519357c29d881c25d', '8547fb349954f0d6e7ae09c1d4196385', 'zhm@163.com0.422544622696225061399726621145', '2014-05-10 20:57:54', '2014-05-10 20:57:54');
INSERT INTO `dnm_user` VALUES ('2014051000000170', '9d14ebd4cd072913b4acb02252c6a9c7', 'a4abb5c0118a6c168de18a3fc6f468f3', 'zhm@163.com0.0181998704313677261399726903114', '2014-05-10 21:01:43', '2014-05-10 21:01:43');
INSERT INTO `dnm_user` VALUES ('2014051000000171', '3c8c19d1399f571f13e5d4fd8f1e1ff7', '2f5f222e42f6f5ac2503e5097759d041', 'zhm@163.com0.082418671016584181399726976204', '2014-05-10 21:02:56', '2014-05-10 21:02:56');
INSERT INTO `dnm_user` VALUES ('2014051000000172', 'c8cce3fb5ffc688f019127cae65a8e03', 'b31a4330664e6b613bdb8f1ab94a8799', 'zhm@163.com0.46820449026298251399727115771', '2014-05-10 21:05:16', '2014-05-10 21:05:16');
INSERT INTO `dnm_user` VALUES ('2014051000000173', '17d22fd8c46450bb5cf8070395bdf5b1', 'f145483e4019a531e2a6c315c1c10274', 'zhm@163.com0.92682230468118111399727260201', '2014-05-10 21:07:40', '2014-05-10 21:07:40');
INSERT INTO `dnm_user` VALUES ('2014051000000174', 'a5002c3842f43b88c80689885e911c27', 'c72373bfce518e8ec36d8121c87545ee', 'zhm@163.com0.50315541603818341399727869904', '2014-05-10 21:17:50', '2014-05-10 21:17:50');
INSERT INTO `dnm_user` VALUES ('2014051000000175', 'f366755ba3443733c581085cc85a0a67', '07462ee75bb067f186176ee3eb2f9d97', 'zhm@163.com0.54085501747483861399727917224', '2014-05-10 21:18:37', '2014-05-10 21:18:37');
INSERT INTO `dnm_user` VALUES ('2014051000000176', '1843211f44fce95aa3a5d8cc1937084d', '2d93ff735ec06a8d93995f9a16c314ec', 'zhm@163.com0.118727704816536051399728045678', '2014-05-10 21:20:46', '2014-05-10 21:20:46');
INSERT INTO `dnm_user` VALUES ('2014051000000177', '1f461b650ba7985088770c55766357c3', '08725beec65bb7e1e86ac12a8a050381', 'zhm@163.com0.217154167543845641399728075795', '2014-05-10 21:21:16', '2014-05-10 21:21:16');
INSERT INTO `dnm_user` VALUES ('2014051000000178', 'b06c2bdd83632389286c56ba8f8c0233', '802bb0dcfce2522495ab27f1fa80dfde', 'zhm@163.com0.72653119960457311399728095233', '2014-05-10 21:21:36', '2014-05-10 21:21:36');
INSERT INTO `dnm_user` VALUES ('2014051000000179', '5dfd5671eb26bff4bceaa347d4213fe0', '446320eeea7451f21a6aec2080f03cfb', 'zhm@163.com0.392088185132259851399728168100', '2014-05-10 21:22:48', '2014-05-10 21:22:48');
INSERT INTO `dnm_user` VALUES ('2014051000000180', 'ff53efa2d97a5a11dd4d6d0c86e6b603', 'cf49aaf3c13ce1191cbd5c114dcc249a', 'zhm@163.com0.084254768977173661399728243063', '2014-05-10 21:24:03', '2014-05-10 21:24:03');
INSERT INTO `dnm_user` VALUES ('2014051000000181', 'a1f394020b5a9fe26b0bafb7d558733e', 'ddecf5b44c9ecb9f2ab3fc7cceafbf3f', 'zhm@163.com0.39015896946634291399728456445', '2014-05-10 21:27:37', '2014-05-10 21:27:37');
INSERT INTO `dnm_user` VALUES ('2014051100000182', '703c09d983e5f5921c0aa68f3435dc24', 'd9549f646ec9287b888da805b83c8f1e', 'zhm@163.com0.59724756367108361399820034170', '2014-05-11 22:53:54', '2014-05-11 22:53:54');
INSERT INTO `dnm_user` VALUES ('2014051100000183', 'ae74b19b2aea545e1808d9532adc66e8', '92380e5ec310f17bd4f0f63520c6983b', 'zhm@163.com0.76946793021718341399820219855', '2014-05-11 22:57:00', '2014-05-11 22:57:00');
INSERT INTO `dnm_user` VALUES ('2014051200000184', 'a072c8ba0b20c566d524ee2899df4497', '78b6f9d93aa00dece57fff26f7381450', 'zhm@163.com0.32634113360478991399897358078', '2014-05-12 20:22:38', '2014-05-12 20:22:38');
INSERT INTO `dnm_user` VALUES ('2014051200000185', 'ae50e6571a93507bbe602abe7874ac4e', '88e3e53b88ddba851bce57c2428f9bc9', 'zhm@163.com0.55219233254428491399900108713', '2014-05-12 21:08:29', '2014-05-12 21:08:29');
INSERT INTO `dnm_user` VALUES ('2014051200000186', '06bd5114cbd4518886be162e9270174d', '5da70e8ef76da812c7601316e7c8cb12', 'zhm@163.com0.48475597300708531399900244822', '2014-05-12 21:10:45', '2014-05-12 21:10:45');
INSERT INTO `dnm_user` VALUES ('2014051200000187', 'a9ea476b3463e5960d44ba459c318305', '77b43e7c4001629ad08a84d40621d585', 'zhm@163.com0.65962842760729361399900471540', '2014-05-12 21:14:32', '2014-05-12 21:14:32');
INSERT INTO `dnm_user` VALUES ('2014051200000188', '90266074d2860cb296bfd567279d1f33', '0613ebb4daa51238e9ad830b78dcd379', 'zhm@163.com0.161269744216973381399900567220', '2014-05-12 21:16:07', '2014-05-12 21:16:07');
INSERT INTO `dnm_user` VALUES ('2014051200000189', '909c63402f0ab8c18f9fbb96a499c871', 'b96ffc7135368c3c4c99d2a0f8182ef6', 'zhm@163.com0.30780754416877421399900590891', '2014-05-12 21:17:17', '2014-05-12 21:17:17');
INSERT INTO `dnm_user` VALUES ('2014051200000190', 'b2614ec406f2fa83792ba94223ffd5cd', 'ac344c3f330695d403f20c9e961635a0', 'zhm@163.com0.487426401275303571399901005072', '2014-05-12 21:23:25', '2014-05-12 21:23:25');
INSERT INTO `dnm_user` VALUES ('2014051200000191', '3755057e1520a72381534c0b00a5db77', 'ab2878243b641a1dfbd0d75acc050d1d', 'zhm@163.com0.69376158000209281399901048538', '2014-05-12 21:24:15', '2014-05-12 21:24:15');
INSERT INTO `dnm_user` VALUES ('2014051200000192', '82f8543ff7587f5d235f20d0d8a0c5cb', '0455d404e35d6b24c555718f02c2e7ba', 'zhm@163.com0.87749225815872921399902767097', '2014-05-12 21:53:02', '2014-05-12 21:53:02');
INSERT INTO `dnm_user` VALUES ('2014051200000193', '810003dafdb19f181894e20f7e4fa78d', 'bd4a586e5226130f7a64c7b5f797118e', 'zhm@163.com0.65490973738033731399902794347', '2014-05-12 21:53:15', '2014-05-12 21:53:15');
INSERT INTO `dnm_user` VALUES ('2014051200000194', 'ebd82278c10449c02fce0777987b9e6e', '5e6ddcfd0ac7beeed72c469b878984de', 'zhm@163.com0.29690295056062631399902836330', '2014-05-12 21:53:56', '2014-05-12 21:53:56');
INSERT INTO `dnm_user` VALUES ('2014051200000195', '0174cb1f7ae067e47d10995fb0dbc751', '23dc308183a30beeab81e45e37d1c706', 'zhm@163.com0.18134566136865561399904823879', '2014-05-12 22:27:04', '2014-05-12 22:27:04');
INSERT INTO `dnm_user` VALUES ('2014051200000196', '23b5f8633fa0584a06023ba8c5b82e19', 'bbe85960e8c09e082596482944da0b9b', 'zhm@163.com0.72603144659752071399905245664', '2014-05-12 22:34:17', '2014-05-12 22:34:17');
INSERT INTO `dnm_user` VALUES ('2014051200000197', '97a3d5f46e1c722b994f5cfba2f796ee', '51898da58ee9f5d087dc9f698ba38459', 'zhm@163.com0.36329223622174321399905330896', '2014-05-12 22:35:33', '2014-05-12 22:35:33');
INSERT INTO `dnm_user` VALUES ('2014051200000198', '463ce9c70127d32bb6d4068bfe0b1222', '77b16b1319d1e1b887cc8ed4ec07782e', 'zhm@163.com0.94438060825219781399909004714', '2014-05-12 23:36:45', '2014-05-12 23:36:45');
INSERT INTO `dnm_user` VALUES ('2014051200000199', 'cf1b1155426c9253d3b564cd0eca772e', '42ef25fb42083d75832e692dc06f8808', 'zhm@163.com0.94807566126613851399909472364', '2014-05-12 23:44:33', '2014-05-12 23:44:33');
INSERT INTO `dnm_user` VALUES ('2014051200000200', 'f5c011cfddf94f6bc0e84092e39a828e', '08b0dd1b84c742273f10d0c4aa2efd70', 'zhm@163.com0.61063288298868021399909643837', '2014-05-12 23:47:24', '2014-05-12 23:47:24');
INSERT INTO `dnm_user` VALUES ('2014051200000201', '37952b1eb2ca5fd0e286955cac1ff87a', '092aca1a2f07f346ebf547aff0c11de5', 'zhm@163.com0.8501837216437421399909683877', '2014-05-12 23:48:04', '2014-05-12 23:48:04');
INSERT INTO `dnm_user` VALUES ('2014051200000202', '38c1c2af96b7a49debcabaf77bfb119f', '655b8b23f6ad38ba1b83a25a404abed5', 'zhm@163.com0.52255464861266141399909780733', '2014-05-12 23:49:41', '2014-05-12 23:49:41');
INSERT INTO `dnm_user` VALUES ('2014051200000203', 'fda3bdb9b11730e6fb2bf619f42d5170', '99f7736ad275f68180f4d8d3914c4c7c', 'zhm@163.com0.76403270574096071399909865192', '2014-05-12 23:51:05', '2014-05-12 23:51:05');
INSERT INTO `dnm_user` VALUES ('2014051200000204', '316985d558e1c11a005645b459f34f06', 'cc6695b4910b3ef5e2cf9da119a97aa2', 'zhm@163.com0.46371575813650681399909973089', '2014-05-12 23:52:53', '2014-05-12 23:52:53');
INSERT INTO `dnm_user` VALUES ('2014051200000205', '1ee97de9eb9f658d8825592ab7f4584c', '322e60bbbbb98e57c3d1a8ce5e3298e9', 'zhm@163.com0.73203731627664161399910113005', '2014-05-12 23:55:13', '2014-05-12 23:55:13');
INSERT INTO `dnm_user` VALUES ('2014051200000206', '123acea5933f714c9de8b20e65ca6030', '94563c632f80f9492acf2eded46e1d7c', 'zhm@163.com0.61244952233890731399910135753', '2014-05-12 23:55:36', '2014-05-12 23:55:36');
INSERT INTO `dnm_user` VALUES ('2014051200000207', 'a06404954dc587f10b255c89fcc0e517', '6f654c7a14e5c54c3f0e554dd32f218e', 'zhm@163.com0.303861328266938241399910272500', '2014-05-12 23:57:53', '2014-05-12 23:57:53');
INSERT INTO `dnm_user` VALUES ('2014051300000208', 'f08d1254b7db9aadd3a2f259ac12f6a6', '40fe39a8916e1d6de60ee343b4718a63', 'zhm@163.com0.102781579797011411399910551620', '2014-05-13 00:02:32', '2014-05-13 00:02:32');
INSERT INTO `dnm_user` VALUES ('2014051300000209', 'bb734c98500806fe25adf1a7e2c5f406', 'babbcfe641e8c58af55b3acf6b6b6809', 'zhm@163.com0.62884039665986691399910689744', '2014-05-13 00:04:50', '2014-05-13 00:04:50');
INSERT INTO `dnm_user` VALUES ('2014051300000210', '41d0c2a76f904523f713a129e5106a7b', 'c4f6aa1bc9a744acae4b5f9328c4bf03', 'zhm@163.com0.52644630642566881399910753085', '2014-05-13 00:05:53', '2014-05-13 00:05:53');
INSERT INTO `dnm_user` VALUES ('2014051300000211', 'a16aeb211d60eeb9c2ad49b12aa6f099', 'ad256e5c690b0f2fd35bca11b0296b65', 'zhm@163.com0.294294172943419531399910990714', '2014-05-13 00:09:51', '2014-05-13 00:09:51');
INSERT INTO `dnm_user` VALUES ('2014051300000212', '6d26ac40ce2520c27752cc24cb27a8f3', 'aa77b6b16c5acac9f2ed7cf2560d1672', 'zhm@163.com0.228927136325120181399911229149', '2014-05-13 00:13:49', '2014-05-13 00:13:49');
INSERT INTO `dnm_user` VALUES ('2014051300000213', '3e89e5b858fc30579ca0c5ccf5a551e0', '4d54bda33fa06876ec58f7b724199cda', 'zhm@163.com0.356088341019438651399911308923', '2014-05-13 00:15:09', '2014-05-13 00:15:09');
INSERT INTO `dnm_user` VALUES ('2014051400000214', '309c6b4ca3fb7a371f48793ebf26bdd0', 'e243934298d5166d7921d5b721a3e99f', 'zhm@163.com0.87821718450689961400076470395', '2014-05-14 22:07:51', '2014-05-14 22:07:51');
INSERT INTO `dnm_user` VALUES ('2014051400000215', '8c42f35a51046b8198639d00c5ced1af', 'e2b659164db713293cd297ccee0f92d0', 'zhm@163.com0.63461908068481281400076471347', '2014-05-14 22:07:51', '2014-05-14 22:07:51');
INSERT INTO `dnm_user` VALUES ('2014051400000216', '9265c173437599b1477a62f1d6784f04', '1576517aa690f55760f2a464e16f936e', 'zhm@163.com0.81271190785141161400077468686', '2014-05-14 22:24:29', '2014-05-14 22:24:29');
INSERT INTO `dnm_user` VALUES ('2014051400000217', '9d040ab9b3fa97aa9b6ff2dea17c9045', 'ef858e9bdb2deaff73258b6404cfa7f5', 'zhm@163.com0.29690474198465811400077469868', '2014-05-14 22:24:29', '2014-05-14 22:24:29');
INSERT INTO `dnm_user` VALUES ('2014051500000218', 'ff00c047a7460564bc6b1db0d5635bde', '7767874905b77595957341724cfced35', 'zhm@163.com0.28417615045882341400083605331', '2014-05-15 00:06:45', '2014-05-15 00:06:45');
INSERT INTO `dnm_user` VALUES ('2014051500000219', '40c95ae3ebe4621c0ff93cad5f8ca2fe', '23f70d7042bf8308c4189916cd4107cf', 'zhm@163.com0.317499283261206241400083606257', '2014-05-15 00:06:45', '2014-05-15 00:06:45');
INSERT INTO `dnm_user` VALUES ('2014051500000220', '873b2350c0ce4e85a83996789eebb093', 'b781dcb2e290a75dbcb96457803205de', 'zhm@163.com0.73092454011896891400083805209', '2014-05-15 00:10:05', '2014-05-15 00:10:05');
INSERT INTO `dnm_user` VALUES ('2014051500000221', '6241a6ba38e141d2e01efef1026afb85', '0256993410b66c56eeb17454e2bba0da', 'zhm@163.com0.205251976736448241400083806259', '2014-05-15 00:10:05', '2014-05-15 00:10:05');
INSERT INTO `dnm_user` VALUES ('2014051500000222', 'd0c4175b9f2fa2ba7112b5ba6bca67cc', 'f83300a1de3ffa39048799ca1140128e', 'zhm@163.com0.053563571553496891400083894772', '2014-05-15 00:11:50', '2014-05-15 00:11:50');
INSERT INTO `dnm_user` VALUES ('2014051500000223', 'bb77dca26061ab948e8e81a9a0806096', 'b05cf92fec1ca5ffeb02ee65d0e35d4f', 'zhm@163.com0.33966086193831061400083920826', '2014-05-15 00:11:50', '2014-05-15 00:11:50');
INSERT INTO `dnm_user` VALUES ('2014051500000224', '00bf39860fcec1bf6f2fe1d8fec8c7b4', '24189f487d9e1b6d07a460117ddd1452', 'zhm@163.com0.81381239512749571400085730358', '2014-05-15 00:42:10', '2014-05-15 00:42:10');
INSERT INTO `dnm_user` VALUES ('2014051500000225', 'daa975f348f5a97727e3169d4dd4c832', 'a77f54538e77388987040574dfd481bc', 'zhm@163.com5.11392569855551E-41400085731347', '2014-05-15 00:42:10', '2014-05-15 00:42:10');
INSERT INTO `dnm_user` VALUES ('2014051500000226', 'e9de70a80090b4c692fd0adb000d7ebd', '4e46ec4576b01d012fbcdb0a89a6fd20', 'zhm@163.com0.61613411599740161400086648556', '2014-05-15 00:57:29', '2014-05-15 00:57:29');
INSERT INTO `dnm_user` VALUES ('2014051500000227', 'f894255d7684da67bca26de76acfc6e6', '1ce86c008c3173ffaaea0ebb6140c664', 'zhm@163.com0.92328595930655071400086649504', '2014-05-15 00:57:29', '2014-05-15 00:57:29');
INSERT INTO `dnm_user` VALUES ('2014051500000228', 'cf0ea0ad1ffab18831a675d7738601e5', '87a653797f59241e5f94aa75a3db6f7c', 'zhm@163.com0.066251272736198691400088094086', '2014-05-15 01:21:34', '2014-05-15 01:21:34');
INSERT INTO `dnm_user` VALUES ('2014051500000229', '24b3871df265b5635db355cf6c256352', '49814958289c74714d0e2b12c6b4d711', 'zhm@163.com0.315200542009297041400088095010', '2014-05-15 01:21:34', '2014-05-15 01:21:34');
INSERT INTO `dnm_user` VALUES ('2014051500000230', '4136e3b24de4f882fde7041924b158ac', 'df054b9fdcdc39a63dc3de24f1962e95', 'zhm@163.com0.66661658375595361400088919187', '2014-05-15 01:35:20', '2014-05-15 01:35:20');
INSERT INTO `dnm_user` VALUES ('2014051500000231', 'a2a1422f798ac38984e0cfae5eceb053', '0ff3d29af850252dace2065f0409e45a', 'zhm@163.com0.041007486961328281400088921038', '2014-05-15 01:35:20', '2014-05-15 01:35:20');
INSERT INTO `dnm_user` VALUES ('2014051600000232', '5d1985446199f13f9ec4fd437e0e1d5a', '0bef824df70d3b8e1449c28b3f225729', 'zhm@163.com0.68998424429695891400254826522', '2014-05-16 23:40:27', '2014-05-16 23:40:27');
INSERT INTO `dnm_user` VALUES ('2014051600000233', '38a601862ab01213591af9f49071dcc1', '3bca83f3aa38fd0c609fd662401879b0', 'zhm@163.com0.204994432840690631400254827121', '2014-05-16 23:40:27', '2014-05-16 23:40:27');
INSERT INTO `dnm_user` VALUES ('2014051600000234', 'b2c1a8c512be66258e8ecb23b29294a3', '723ce84decfa1e4f53f4b5a4da357c73', 'zhm@163.com0.149838553228480941400254938456', '2014-05-16 23:42:19', '2014-05-16 23:42:19');
INSERT INTO `dnm_user` VALUES ('2014051600000235', 'ba2893ce773aa84dbafda6961f07a85f', '136b77a9b6ca0d3d834953599f579361', 'zhm@163.com0.64327135234680311400254939234', '2014-05-16 23:42:19', '2014-05-16 23:42:19');
INSERT INTO `dnm_user` VALUES ('2014051600000236', '8dab7fcc879a97d8f99a8eb0d18ff258', '2dbcfbbd0e2eab0e2ad1e5440b0e6f2e', 'zhm@163.com0.185280518552151221400255088579', '2014-05-16 23:44:49', '2014-05-16 23:44:49');
INSERT INTO `dnm_user` VALUES ('2014051600000237', '1832bf3bf11f072188623b7b539ddca2', '1cd4bb084d23ff92225d766776bfb885', 'zhm@163.com0.585911819538671400255162990', '2014-05-16 23:44:49', '2014-05-16 23:44:49');
INSERT INTO `dnm_user` VALUES ('2014051600000238', '7576898c4bb3531d44dc930e692bf64e', 'fc074d3de2ce6d6d97e824bffb6c7425', 'zhm@163.com0.28246017413297541400255274419', '2014-05-16 23:47:55', '2014-05-16 23:47:55');
INSERT INTO `dnm_user` VALUES ('2014051600000239', '48fca2526dad09e725b0ae9edbbffee5', '4a92d6b22b5d3ca3b2dfa7460bcf0190', 'zhm@163.com0.82649025760976151400255274981', '2014-05-16 23:47:55', '2014-05-16 23:47:55');
INSERT INTO `dnm_user` VALUES ('2014051700000240', '4873c779a03a9e77d291a34779970855', '61da3a464820e566da6f51fad39681f0', 'zhm@163.com0.63080846291931441400262198486', '2014-05-17 01:43:19', '2014-05-17 01:43:19');
INSERT INTO `dnm_user` VALUES ('2014051700000241', 'fb911d0544ad8fc197998fb6c8c94d82', '9d3216dde67dc071f2921a9fd9a22a60', 'zhm@163.com0.295078016840450541400262983829', '2014-05-17 01:56:24', '2014-05-17 01:56:24');
INSERT INTO `dnm_user` VALUES ('2014051700000242', 'a4a4bedf0e93c74e80ba26b4b2af3d3f', '4266a655f908c0191bd251160ee2746e', 'zhm@163.com0.047187616593595161400333072400', '2014-05-17 21:24:33', '2014-05-17 21:24:33');
INSERT INTO `dnm_user` VALUES ('2014051700000243', '12e3835ed0d985fab419e17b203728dd', '6e40a8384fce56cdfcc7decba38c15d8', 'zhm@163.com0.68429465003686271400338713839', '2014-05-17 22:58:34', '2014-05-17 22:58:34');
INSERT INTO `dnm_user` VALUES ('2014051700000244', 'a2617fc20e0e9edbe03cf3fc1901900e', 'a0463e258da11a47fae7ba0e4fd2b062', 'zhm@163.com0.5969210949563421400341524740', '2014-05-17 23:45:25', '2014-05-17 23:45:25');
INSERT INTO `dnm_user` VALUES ('2014051700000245', '3afc64ecfd13319bc717c614aaa2bd65', 'eaa4d59c07edd85862071ec88f1d601d', 'zhm@163.com0.54195960635857171400341864592', '2014-05-17 23:51:05', '2014-05-17 23:51:05');
INSERT INTO `dnm_user` VALUES ('2014051700000246', 'f9043d2e22c82119c4c858cbbb6f4838', 'ff29123b581c99355b45a3ed66f66545', 'zhm@163.com0.082351336029812151400342025277', '2014-05-17 23:53:45', '2014-05-17 23:53:45');
INSERT INTO `dnm_user` VALUES ('2014051700000247', '80f61100cfe82fabbcd7ef5595805d5f', '6a02699106ba434d9e21da4f8b2f6c32', 'zhm@163.com0.1830891185021991400342107793', '2014-05-17 23:55:08', '2014-05-17 23:55:08');
INSERT INTO `dnm_user` VALUES ('2014051700000248', '8fe665c694021499bc0bb027b75fe2ee', '36eda78c5ff4350cf530ce6f3291b683', 'zhm@163.com0.34927594641023551400342318744', '2014-05-17 23:58:39', '2014-05-17 23:58:39');
INSERT INTO `dnm_user` VALUES ('2014051800000249', 'e7e06e817144cc5060ea95ab465c9e0f', 'fc147dc5cf6b90dfcee7e2047163ddac', 'zhm@163.com0.069159112188033611400342513591', '2014-05-18 00:01:54', '2014-05-18 00:01:54');
INSERT INTO `dnm_user` VALUES ('2014051800000250', '59773bc049c25075765d5b0e4af5b02b', '3d9c8a9d35f4aedd2f9ac0525bf6121b', 'zhm@163.com0.155910270982841941400342821276', '2014-05-18 00:07:01', '2014-05-18 00:07:01');
INSERT INTO `dnm_user` VALUES ('2014051800000251', '485ee1528c30934009b9a70ccc4b68bf', '46ae4e82f0b79ced7d652ccf1b55a934', 'zhm@163.com0.370772052137924751400342829449', '2014-05-18 00:07:10', '2014-05-18 00:07:10');
INSERT INTO `dnm_user` VALUES ('2014051800000252', 'd24d65c93dd8eb3bbddaff86b1733ad2', '411e83766ce0df42c9a9c70d3301946f', 'zhm@163.com0.76413775825185891400342967265', '2014-05-18 00:09:27', '2014-05-18 00:09:27');
INSERT INTO `dnm_user` VALUES ('2014052800000253', 'd88e8732b6cbda86826dcd2308dbf44c', 'e06a44d3a4765df06066a10bad8143c8', 'zhm@163.com0.115681068473647231401238299014', '2014-05-28 08:51:39', '2014-05-28 08:51:39');
INSERT INTO `dnm_user` VALUES ('2014060200000254', '9931c806c161e32a91350cabbac5b43a', '988589d8e990f08ba06d6595334e74b8', 'zhm@163.com0.38825078772736231401722063399', '2014-06-02 23:14:24', '2014-06-02 23:14:24');
INSERT INTO `dnm_user` VALUES ('2014060200000255', '78242fbc4522b196148e7361ae4d1269', '6c2de6ded63084b78b13612fae284d88', 'zhm@163.com0.40170386558379611401722323463', '2014-06-02 23:18:44', '2014-06-02 23:18:44');
INSERT INTO `dnm_user` VALUES ('2014060200000256', '76722df6c092c8496e5357263b7bb509', '8eda1152f1e67b50e319323625fe8217', 'zhm@163.com0.1376648661027081401722824269', '2014-06-02 23:27:04', '2014-06-02 23:27:04');
INSERT INTO `dnm_user` VALUES ('2014060200000257', '8f565f63f8a54fcdd835930b77ee961e', '8d46300c81fd05ef55954930a149ad68', 'zhm@163.com0.66701571684878611401722935921', '2014-06-02 23:28:56', '2014-06-02 23:28:56');
INSERT INTO `dnm_user` VALUES ('2014060200000258', '8614a37682a61a5c5ba95aea9b264a88', '197947e8b009eb004d6b042464477222', 'zhm@163.com0.61279272612486081401723078254', '2014-06-02 23:31:18', '2014-06-02 23:31:18');
INSERT INTO `dnm_user` VALUES ('2014060200000259', 'cf08613707c0045d8cf0d59fa36cb33d', 'f9330a97c13b8cac97a6cd6277548f32', 'zhm@163.com0.252512598190253961401723214484', '2014-06-02 23:33:35', '2014-06-02 23:33:35');
INSERT INTO `dnm_user` VALUES ('2014061100000260', '02c3e698f3ddc11323e4913833fbdfae', '2adfd9865b16209be0c6384aad64249d', 'zhm@163.com0.87581420984717451402416262085', '2014-06-11 00:04:22', '2014-06-11 00:04:22');
INSERT INTO `dnm_user` VALUES ('2014061100000261', '8ac031f9bfe7f4090b0e0a95a3773e7f', '90bd5a09a8136c93da7e0d2bf9cfff85', 'zhm@163.com0.70552321243141371402416297563', '2014-06-11 00:04:58', '2014-06-11 00:04:58');
INSERT INTO `dnm_user` VALUES ('2014061100000262', 'a012600e8910e5f40a7390dbf2604760', '2566d052f178294d04dcd714996b9219', 'zhm@163.com0.52717385306392151402459552539', '2014-06-11 12:05:53', '2014-06-11 12:05:53');
INSERT INTO `dnm_user` VALUES ('2014061100000263', 'e6e49fb384282d66ada44fb1783f97ad', 'fa7aef5b0e54af7b38e13f5a40ff2301', 'zhm@163.com0.111435635830331231402464776939', '2014-06-11 13:32:57', '2014-06-11 13:32:57');

-- ----------------------------
-- Table structure for `sequence`
-- ----------------------------
DROP TABLE IF EXISTS `sequence`;
CREATE TABLE `sequence` (
  `name` varchar(50) NOT NULL,
  `current_value` int(8) NOT NULL DEFAULT '0',
  `min_value` int(8) DEFAULT '1',
  `max_value` int(8) DEFAULT '99999999',
  `increment` int(8) NOT NULL DEFAULT '1',
  PRIMARY KEY (`name`)
) ENGINE=InnoDB DEFAULT CHARSET=utf8;

-- ----------------------------
-- Records of sequence
-- ----------------------------
INSERT INTO `sequence` VALUES ('dnm_account_log_seq', '36', '1', '99999999', '1');
INSERT INTO `sequence` VALUES ('dnm_account_seq', '105', '1', '99999999', '1');
INSERT INTO `sequence` VALUES ('dnm_account_trans_log_seq', '9', '1', '99999999', '1');
INSERT INTO `sequence` VALUES ('dnm_bank_seq', '25', '1', '99999999', '1');
INSERT INTO `sequence` VALUES ('dnm_invest_duein_rcd_seq', '3', '1', '99999999', '1');
INSERT INTO `sequence` VALUES ('dnm_invest_price_cost_seq', '2', '1', '99999999', '1');
INSERT INTO `sequence` VALUES ('dnm_invest_rcd_seq', '1', '1', '99999999', '1');
INSERT INTO `sequence` VALUES ('dnm_platform_account_seq', '0', '1', '99999999', '1');
INSERT INTO `sequence` VALUES ('dnm_platform_seq', '6', '1', '99999999', '1');
INSERT INTO `sequence` VALUES ('dnm_platform_user_seq', '7', '1', '99999999', '1');
INSERT INTO `sequence` VALUES ('dnm_user_seq', '263', '1', '99999999', '1');

-- ----------------------------
-- Function structure for `currval`
-- ----------------------------
DROP FUNCTION IF EXISTS `currval`;
DELIMITER ;;
CREATE DEFINER=`root`@`localhost` FUNCTION `currval`(seq_name VARCHAR(50)) RETURNS int(11)
BEGIN  
  DECLARE value INTEGER;  
  SET value = 0;  
  SELECT current_value INTO value  
  FROM sequence  
  WHERE name = seq_name;  
  RETURN value;  
END
;;
DELIMITER ;

-- ----------------------------
-- Function structure for `nextval`
-- ----------------------------
DROP FUNCTION IF EXISTS `nextval`;
DELIMITER ;;
CREATE DEFINER=`root`@`localhost` FUNCTION `nextval`(seq_name VARCHAR(50)) RETURNS int(11)
BEGIN  
	 DECLARE nextseqval INT;
	 DECLARE minseqval INT;
	 DECLARE maxseqval INT;
   select (current_value + increment),min_value, max_value into nextseqval, minseqval, maxseqval from sequence where name = seq_name for update;
	 set nextseqval = if(nextseqval > maxseqval,minseqval,nextseqval);
   UPDATE sequence  
   SET          current_value = nextseqval
   WHERE name = seq_name;  
   RETURN currval(seq_name);
END
;;
DELIMITER ;

-- ----------------------------
-- Function structure for `setval`
-- ----------------------------
DROP FUNCTION IF EXISTS `setval`;
DELIMITER ;;
CREATE DEFINER=`root`@`localhost` FUNCTION `setval`(seq_name VARCHAR(50), value INTEGER) RETURNS int(11)
BEGIN  
   UPDATE sequence  
   SET          current_value = value  
   WHERE name = seq_name;  
   RETURN currval(seq_name);  
END
;;
DELIMITER ;
